Model,Price,Image
Mens Converse Chuck Taylor All Star 70 High Top Black Egret White 162050C,$84.00,https://i.ebayimg.com/thumbs/images/g/m5UAAOSwNKleh0~k/s-l225.jpg
Mens Converse Chuck Taylor All Star 70 High Top Parchment 162053C,$84.00,https://i.ebayimg.com/thumbs/images/g/y90AAOSwGqFfqu5e/s-l225.jpg
Converse Chuck Taylor All Star CX HI 'Light Silver' - 172807C Expeditedship,$109.11,https://i.ebayimg.com/thumbs/images/g/qucAAOSwf7Fh8Owu/s-l225.jpg
"Converse Chuck Taylor All Star CX Shoes ""Midnight Navy"" - 172808C Expeditedship",$100.00,https://i.ebayimg.com/thumbs/images/g/hLUAAOSw-dRiI39h/s-l225.jpg
Mens Converse Chuck Taylor All Star 70 High Top BLACK 168928C,$78.40,https://i.ebayimg.com/thumbs/images/g/T6gAAOSwwoNiFr7l/s-l225.jpg
Converse All Star Low Chuck Taylor Black Shoes Man Woman 38 39 42 43 Summer,$52.41 to $58.94,https://i.ebayimg.com/thumbs/images/g/TpgAAOSwq1ZiMhV6/s-l225.jpg
Converse All Star Hi High Chuck Taylor Canvas Shoes Man Woman 38 39 42 43 Summer,$58.94,https://i.ebayimg.com/thumbs/images/g/HJ4AAOSwWXhiML9M/s-l225.jpg
Converse Chuck Taylor All Star Unisex Shoes CTA hi bright Spruce 170463C,$85.73,https://i.ebayimg.com/thumbs/images/g/AOEAAOSwFl5iAj28/s-l225.jpg
Converse All Star Chuck Taylor Rare Camo Canvas Shoes Limited Edition,$59.90,https://i.ebayimg.com/thumbs/images/g/HYQAAOSwe7JikK2Y/s-l225.jpg
Converse All Star OX m9691 Chuck Taylor Shoes Sneakers Unisex Canvas Deal,$53.48,https://i.ebayimg.com/thumbs/images/g/DHkAAOSwRDtifW5D/s-l225.jpg
Converse Chuck Taylor All-Star 70s Hi Comme des Garcons PLAY Blue Mens Size 10,$175.00,https://i.ebayimg.com/thumbs/images/g/gsEAAOSwhIFgu8Cb/s-l225.jpg
Converse Chuck Taylor All Star High Archive Print Mens Size 13 White Red 166257F,$90.95,https://i.ebayimg.com/thumbs/images/g/zCQAAOSwsJdij6JH/s-l225.jpg
Converse Chuck Taylor All Star Unisex Trainers Shoes CTA Ox Obsidian 168827C,$53.58,https://i.ebayimg.com/thumbs/images/g/sZ4AAOSwGGViK1bG/s-l225.jpg
Mens Converse Chuck Taylor All Star 70 Low Top White 162065C,$72.00,https://i.ebayimg.com/thumbs/images/g/mHEAAOSwJWZibKLo/s-l225.jpg
New Converse Chuck Taylor All Star CX Craft Comfort (172808C) - Midnight Navy,$100.00 to $110.00,https://i.ebayimg.com/thumbs/images/g/IJAAAOSwzh9hzEqQ/s-l225.jpg
*Converse* All Star Hi Top WOMENS & MENS *Canvas* Trainers Shoes Black,$44.00,https://i.ebayimg.com/thumbs/images/g/zF0AAOSwyS5ihvUj/s-l225.jpg
Converse Chuck Taylor All-Star Street Mid Black Green Shoe Sneaker Mens Size 10,$68.98,https://i.ebayimg.com/thumbs/images/g/NdIAAOSwdpxikRPl/s-l225.jpg
Converse Chuck Taylor All-Star High Street Hi Black 151041C Shoe Sneaker Mens 11,$68.98,https://i.ebayimg.com/thumbs/images/g/IaMAAOSwLGlikRTt/s-l225.jpg
Converse Chuck Taylor All Star 167930C Twisted Vacation Tie Dye Shoe Sneaker Men,$54.98,https://i.ebayimg.com/thumbs/images/g/Lm8AAOSw4MRikRD7/s-l225.jpg
Converse Chuck Taylor All Star Unisex Sneakers Shoes CTAS Crater Knit Hi 170868C,$85.73,https://i.ebayimg.com/thumbs/images/g/2GwAAOSwpuZiTbbz/s-l225.jpg
Converse Chuck Taylor All Star Pro Hi 171225C Wasabi Black Shoe Sneaker Mens 9.5,$100.00,https://i.ebayimg.com/thumbs/images/g/z1cAAOSwPtBg2~jt/s-l225.jpg
Converse C TAYLOR ALL STAR SEASNL OX Chuck Shoes Trainers Canvas Grey 1j794c,$64.25,https://i.ebayimg.com/thumbs/images/g/98sAAOSwcf9cBTUb/s-l225.jpg
Converse Chuck Taylor All Star Unisex Sneakers Shoes 70 OX Vintage 162211C,$77.16,https://i.ebayimg.com/thumbs/images/g/tXUAAOSw2zViUsfU/s-l225.jpg
NEW Converse x Carhartt WIP Chuck Taylor 70 Hi Camo Shoes 169221C Mens Size 7.5,$100.00,https://i.ebayimg.com/thumbs/images/g/qQoAAOSwFBxikRaP/s-l225.jpg
Converse Chuck Taylor All Star CX Beige Grey White Men Unisex Casual 171401C,$106.99,https://i.ebayimg.com/thumbs/images/g/COgAAOSwDZph5RmY/s-l225.jpg
Converse Unisex Chuck Taylor All Star Chuck 70 Hi Heritage Aegean Storm Trainers,$69.14,https://i.ebayimg.com/thumbs/images/g/9EIAAOSwmm1f~vUC/s-l225.jpg
JoJo's Bizarre Adventure x Converse ALL STAR HI 1CJ112 Black US10.5 w/Box New,$169.98,https://i.ebayimg.com/thumbs/images/g/rHkAAOSw7dlikD-D/s-l225.jpg
Converse Chuck Taylor All Star Archive Camo Trainers Shoes UK 12 EUR 46.5,$94.31,https://i.ebayimg.com/thumbs/images/g/r4YAAOSwVQBikJmb/s-l225.jpg
Mens Converse Chuck Taylor All Star 70 High Top Beat The World 170680C,$99.20,https://i.ebayimg.com/thumbs/images/g/2a4AAOSwbuxiEwcy/s-l225.jpg
New CONVERSE Mens CHUCK TAYLOR ALL STAR CX CRAFT NAVY 172808C US M 6 - 9.5 TAKSE,$98.98,https://i.ebayimg.com/thumbs/images/g/TXEAAOSwlitiNCgA/s-l225.jpg
Converse Canvas All Star J HI Natural white MADE IN JAPAN Limited CHUCK TAYLOR,$163.99,https://i.ebayimg.com/thumbs/images/g/iuQAAOSwC89e1Rdu/s-l225.jpg
Converse Chuck Taylor All-Star Black White (M9160) Men Size 4-8,$55.00,https://i.ebayimg.com/thumbs/images/g/SsUAAOSwAVFh4F7h/s-l225.jpg
JoJo's Bizarre Adventure x Converse ALL STAR HI 1CJ112 Black US8 w/Box New,$182.98,https://i.ebayimg.com/thumbs/images/g/n7EAAOSwU3BikD98/s-l225.jpg
"Converse Chuck Taylor All Star Lift, Extra  Hi Platform Trainers UK 9 EUR 42.5 ",$94.31,https://i.ebayimg.com/thumbs/images/g/QSsAAOSw6CtifCjr/s-l225.jpg
Limited Edition Converse Run Star Hike HI Black Leather Sneakers - Men's Sz 7-13,$129.99,https://i.ebayimg.com/thumbs/images/g/dtEAAOSwrodiJrZa/s-l225.jpg
Converse Chuck Taylor All Star Hi White Grey Black Men Women Unisex Shoe 170131C,$94.99,https://i.ebayimg.com/thumbs/images/g/KagAAOSw4jFgpQ69/s-l225.jpg
Converse Chuck Taylor All Star Hi Renew Grey White Men Unisex Shoes 168595C,$102.99,https://i.ebayimg.com/thumbs/images/g/h1gAAOSwfEpgnjZL/s-l225.jpg
Chuck Taylor All Star Converse Fashion CT Hi top Charcoal Grey 139748F,$49.99,https://i.ebayimg.com/thumbs/images/g/9XUAAOSwWkddSMJU/s-l225.jpg
Converse Chuck Taylor All Star Utility All Terrain Waterproof Leather Boots ,$163.45,https://i.ebayimg.com/thumbs/images/g/kQoAAOSwPYZh-0aF/s-l225.jpg
 Converse Chuck Taylor All Star CX Crafted Stripes Canvas Shoes Brown,$125.74,https://i.ebayimg.com/thumbs/images/g/jMoAAOSwDgBiUX3g/s-l225.jpg
Converse Chuck Taylor All Star Unisex Sneakers Shoes CT OX Days Ahead 147136C,$80.37,https://i.ebayimg.com/thumbs/images/g/e4kAAOSwZHRiW~uH/s-l225.jpg
Converse Chuck Taylor All Star Unisex Sneakers Shoes CTAS OX 151202C,$80.37,https://i.ebayimg.com/thumbs/images/g/W6IAAOSw8dNiWuNH/s-l225.jpg
Converse Chuck Taylor All Star Unisex Sneakers Shoes CT Hi Dolphin Gray 147128C,$85.73,https://i.ebayimg.com/thumbs/images/g/QawAAOSw7jdiWuDF/s-l225.jpg
Converse Chuck Taylor All Star Hi Renew White Lemon Venom Men Unisex 168594C,$102.99,https://i.ebayimg.com/thumbs/images/g/gLcAAOSwkkxgpRQL/s-l225.jpg
Converse Chuck Taylor All Star 70 Hi 1970 Men Unisex Classic Lifestyle Pick 1,$94.99 to $124.99,https://i.ebayimg.com/thumbs/images/g/7RQAAOSw~ftiE1hn/s-l225.jpg
"Converse All Star Chaussure à Lacets Basket Noir, Textile/Lin, Neuf",$83.01,https://i.ebayimg.com/thumbs/images/g/WWoAAOSwuhhXXRDk/s-l225.jpg
Converse Chuck Taylor All Star 70 1970s Low OX Men Unisex Casual Shoes Pick 1,$94.99 to $119.99,https://i.ebayimg.com/thumbs/images/g/NkQAAOSwIjpiHy0s/s-l225.jpg
CONVERSE ALL STAR LIGHT STRETCHCANVAS MN HI White Chuck Taylor Japan Exclusive,$160.00,https://i.ebayimg.com/thumbs/images/g/MecAAOSw7dth06GN/s-l225.jpg
"Converse All Star Lace Up, Beige, Textile/Canvas, New",$68.96,https://i.ebayimg.com/thumbs/images/g/d4wAAOSwPcVVv5AD/s-l225.jpg
"Converse All Star Lace Up, Reed Green, Textile/Canvas, New",$68.96,https://i.ebayimg.com/thumbs/images/g/EQYAAOSwMmBV2NHy/s-l225.jpg
CONVERSE CHUCK TAYLOR 70 HI ALL-STAR KITH DISNEY MICKEY MOUSE BLACK 167508C 10,$199.99,https://i.ebayimg.com/thumbs/images/g/lB4AAOSwnpZe0pHt/s-l225.jpg
Unisex Converse Chuck Taylor All Star Twisted Resort High Top Black US 11,$154.95,https://i.ebayimg.com/thumbs/images/g/~EcAAOSwVjJfHp4U/s-l225.jpg
"Converse All Star Lace Up Sneaker Blue, Textile/Canvas, New",$69.69,https://i.ebayimg.com/thumbs/images/g/ZTwAAOSwMmBVv4nD/s-l225.jpg
Converse All Star It The Film Horror Clown Pennywise [Product Custom Made],$138.06,https://i.ebayimg.com/thumbs/images/g/chQAAOSwHgRb0ZD9/s-l225.jpg
Converse Unisex Chuck Taylor All Star White Modern Future Mesh Lace Up Trainers ,$62.86,https://i.ebayimg.com/thumbs/images/g/mEEAAOSwdBNgJAka/s-l225.jpg
CONVERSE Chuck Taylor All Star Low White num-41,$100.94,https://i.ebayimg.com/thumbs/images/g/jNwAAOSw7P5bPj0c/s-l225.jpg
Converse All Star Baskets Chaussure à Lacets Baskets Noir 122067C Neuf,$82.95,https://i.ebayimg.com/thumbs/images/g/7g8AAOSwwJ5eHKQJ/s-l225.jpg
CONVERSE ALL STAR ALL STAR STITCHING WT HI Black Chuck Taylor Japan Exclusive,$140.00,https://i.ebayimg.com/thumbs/images/g/6uYAAOSwwNJh0veI/s-l225.jpg
Converse Unisex Chuck Taylor All Star Chuck 70 Ox Mango Casual Lace Up Trainers,$69.14,https://i.ebayimg.com/thumbs/images/g/qk8AAOSwI6FgGX9Q/s-l225.jpg
Converse Unisex Chuck Taylor All Star Cherry Blossom Lo Suede Sneaker Trainers,$50.28,https://i.ebayimg.com/thumbs/images/g/INgAAOSwm7Jh6-xq/s-l225.jpg
【DHL】Converse Canvas All Star J OX Natural White MADE IN JAPAN Limited 32167710 ,$169.99,https://i.ebayimg.com/thumbs/images/g/2tQAAOSwBiNego35/s-l225.jpg
Converse Chuck Taylor All Star Slip Basic Leather Sneaker - Slip On 164976C LKO,$57.95,https://i.ebayimg.com/thumbs/images/g/tKQAAOSwmtRgkdjX/s-l225.jpg
Converse Chuck Taylor All-Star 70s Ox Comme des Garcons PLAY White - 150207C,$240.99,https://i.ebayimg.com/thumbs/images/g/eG8AAOSwJzlhsQ6i/s-l225.jpg
Shoes Converse Chuck Taylor All Star Low Blue Num-41 1/2,$92.57,https://i.ebayimg.com/thumbs/images/g/E8MAAOSwr7JibVPz/s-l225.jpg
Shoes converse chuck taylor all star hi blue num-41 1/2,$93.35,https://i.ebayimg.com/thumbs/images/g/PYkAAOSwwDRg1ZLk/s-l225.jpg
Converse All Star Baskets Chaussure à Lacets Baskets Rouge 130126C Neuf,$88.36,https://i.ebayimg.com/thumbs/images/g/HnYAAOSwUrxeHKa6/s-l225.jpg
CONVERSE CHUCK TAYLOR CT ALL-STAR AS II 2 OX REFLECTIVE WHITE SILVER 154890C 9,$149.99,https://i.ebayimg.com/thumbs/images/g/K4YAAOSwteJhMCUV/s-l225.jpg
 Converse Chuck Taylor All Star Chuck 70 Barcode Shoes White,$138.31,https://i.ebayimg.com/thumbs/images/g/wHEAAOSw9atiYXrl/s-l225.jpg
Converse chuck taylor all star low white num-43,$85.56,https://i.ebayimg.com/thumbs/images/g/424AAOSwDcZbPj2c/s-l225.jpg
CONVERSE ALL STAR CHUCK TAYLOR HI TRAINERS SPORTS MEN SHOES RED PRINT SIZE 9 NEW,$79.99,https://i.ebayimg.com/thumbs/images/g/B74AAOSwXKddmYKi/s-l225.jpg
2012 CONVERSE CHUCK TAYLOR CT HIROSHI FUJIWARA OX FRAGMENT BLACK WHITE A02249 13,$477.99,https://i.ebayimg.com/thumbs/images/g/0fMAAOSw6DBf0v3N/s-l225.jpg
"Converse All Star Boots, Black, Textile/Canvas, M9160C New",$70.28,https://i.ebayimg.com/thumbs/images/g/YgQAAOSwgQ9Vv4Hk/s-l225.jpg
"Converse Chuck Taylor All Star Canvas Sneakers ""Candy Grape"" - 170550C ",$100.00,https://i.ebayimg.com/thumbs/images/g/8t4AAOSwvQ5iJhtP/s-l225.jpg
New Converse Chuck Taylor All Star Classic Hi Trainers Mens Womens Unisex,$36.45,https://i.ebayimg.com/thumbs/images/g/0m8AAOSwyEJe8wsv/s-l225.jpg
"Converse Chuck Taylor All Star CX Sneakers ""Much Love""- 172949C Expeditedship",$100.00,https://i.ebayimg.com/thumbs/images/g/2i4AAOSwGp5iIkiA/s-l225.jpg
